channel,area,peak,slope
0,-3.4021708474396457e-07,-1.3484433214707859e-05,-1.1593460210902247e-06
1,-4.640827240220747e-07,-1.4701943173321403e-05,1.4772884569128426e-06
2,-1.4351985678767673e-07,-1.4955679854503618e-05,3.1389788615238195e-07
3,3.7580418515368376e-07,-1.1951521837347191e-05,-1.4798513725947224e-07
